date,value,topic,variable_short,variable_long,location,unit,source,update,public,description
2020-01-01,793103,Mobilität,aufkommen_miv,Aufkommen MIV an ausgewählten Zählstellen,Stadt Zürich,Anzahl,"Dienstabteilung Verkehr, Sicherheitsdepartement",täglich,ja,https://github.com/statistikZH/covid19monitoring_mobility_ZaehlstellenMIVLVVelo
2020-01-02,878003,Mobilität,aufkommen_miv,Aufkommen MIV an ausgewählten Zählstellen,Stadt Zürich,Anzahl,"Dienstabteilung Verkehr, Sicherheitsdepartement",täglich,ja,https://github.com/statistikZH/covid19monitoring_mobility_ZaehlstellenMIVLVVelo
2020-01-03,1149000,Mobilität,aufkommen_miv,Aufkommen MIV an ausgewählten Zählstellen,Stadt Zürich,Anzahl,"Dienstabteilung Verkehr, Sicherheitsdepartement",täglich,ja,https://github.com/statistikZH/covid19monitoring_mobility_ZaehlstellenMIVLVVelo
2020-01-04,1062823,Mobilität,aufkommen_miv,Aufkommen MIV an ausgewählten Zählstellen,Stadt Zürich,Anzahl,"Dienstabteilung Verkehr, Sicherheitsdepartement",täglich,ja,https://github.com/statistikZH/covid19monitoring_mobility_ZaehlstellenMIVLVVelo
2020-01-05,963350,Mobilität,aufkommen_miv,Aufkommen MIV an ausgewählten Zählstellen,Stadt Zürich,Anzahl,"Dienstabteilung Verkehr, Sicherheitsdepartement",täglich,ja,https://github.com/statistikZH/covid19monitoring_mobility_ZaehlstellenMIVLVVelo
2020-01-06,1316011,Mobilität,aufkommen_miv,Aufkommen MIV an ausgewählten Zählstellen,Stadt Zürich,Anzahl,"Dienstabteilung Verkehr, Sicherheitsdepartement",täglich,ja,https://github.com/statistikZH/covid19monitoring_mobility_ZaehlstellenMIVLVVelo
2020-01-07,1354006,Mobilität,aufkommen_miv,Aufkommen MIV an ausgewählten Zählstellen,Stadt Zürich,Anzahl,"Dienstabteilung Verkehr, Sicherheitsdepartement",täglich,ja,https://github.com/statistikZH/covid19monitoring_mobility_ZaehlstellenMIVLVVelo
2020-01-08,1402766,Mobilität,aufkommen_miv,Aufkommen MIV an ausgewählten Zählstellen,Stadt Zürich,Anzahl,"Dienstabteilung Verkehr, Sicherheitsdepartement",täglich,ja,https://github.com/statistikZH/covid19monitoring_mobility_ZaehlstellenMIVLVVelo
2020-01-09,1446758,Mobilität,aufkommen_miv,Aufkommen MIV an ausgewählten Zählstellen,Stadt Zürich,Anzahl,"Dienstabteilung Verkehr, Sicherheitsdepartement",täglich,ja,https://github.com/statistikZH/covid19monitoring_mobility_ZaehlstellenMIVLVVelo
2020-01-10,1508034,Mobilität,aufkommen_miv,Aufkommen MIV an ausgewählten Zählstellen,Stadt Zürich,Anzahl,"Dienstabteilung Verkehr, Sicherheitsdepartement",täglich,ja,https://github.com/statistikZH/covid19monitoring_mobility_ZaehlstellenMIVLVVelo
2020-01-11,1290390,Mobilität,aufkommen_miv,Aufkommen MIV an ausgewählten Zählstellen,Stadt Zürich,Anzahl,"Dienstabteilung Verkehr, Sicherheitsdepartement",täglich,ja,https://github.com/statistikZH/covid19monitoring_mobility_ZaehlstellenMIVLVVelo
2020-01-12,1052528,Mobilität,aufkommen_miv,Aufkommen MIV an ausgewählten Zählstellen,Stadt Zürich,Anzahl,"Dienstabteilung Verkehr, Sicherheitsdepartement",täglich,ja,https://github.com/statistikZH/covid19monitoring_mobility_ZaehlstellenMIVLVVelo
2020-01-13,1411857,Mobilität,aufkommen_miv,Aufkommen MIV an ausgewählten Zählstellen,Stadt Zürich,Anzahl,"Dienstabteilung Verkehr, Sicherheitsdepartement",täglich,ja,https://github.com/statistikZH/covid19monitoring_mobility_ZaehlstellenMIVLVVelo
2020-01-14,1477607,Mobilität,aufkommen_miv,Aufkommen MIV an ausgewählten Zählstellen,Stadt Zürich,Anzahl,"Dienstabteilung Verkehr, Sicherheitsdepartement",täglich,ja,https://github.com/statistikZH/covid19monitoring_mobility_ZaehlstellenMIVLVVelo
2020-01-15,1492221,Mobilität,aufkommen_miv,Aufkommen MIV an ausgewählten Zählstellen,Stadt Zürich,Anzahl,"Dienstabteilung Verkehr, Sicherheitsdepartement",täglich,ja,https://github.com/statistikZH/covid19monitoring_mobility_ZaehlstellenMIVLVVelo
2020-01-16,1498685,Mobilität,aufkommen_miv,Aufkommen MIV an ausgewählten Zählstellen,Stadt Zürich,Anzahl,"Dienstabteilung Verkehr, Sicherheitsdepartement",täglich,ja,https://github.com/statistikZH/covid19monitoring_mobility_ZaehlstellenMIVLVVelo
2020-01-17,1549563,Mobilität,aufkommen_miv,Aufkommen MIV an ausgewählten Zählstellen,Stadt Zürich,Anzahl,"Dienstabteilung Verkehr, Sicherheitsdepartement",täglich,ja,https://github.com/statistikZH/covid19monitoring_mobility_ZaehlstellenMIVLVVelo
2020-01-18,1298421,Mobilität,aufkommen_miv,Aufkommen MIV an ausgewählten Zählstellen,Stadt Zürich,Anzahl,"Dienstabteilung Verkehr, Sicherheitsdepartement",täglich,ja,https://github.com/statistikZH/covid19monitoring_mobility_ZaehlstellenMIVLVVelo
2020-01-19,1049105,Mobilität,aufkommen_miv,Aufkommen MIV an ausgewählten Zählstellen,Stadt Zürich,Anzahl,"Dienstabteilung Verkehr, Sicherheitsdepartement",täglich,ja,https://github.com/statistikZH/covid19monitoring_mobility_ZaehlstellenMIVLVVelo
2020-01-20,1425734,Mobilität,aufkommen_miv,Aufkommen MIV an ausgewählten Zählstellen,Stadt Zürich,Anzahl,"Dienstabteilung Verkehr, Sicherheitsdepartement",täglich,ja,https://github.com/statistikZH/covid19monitoring_mobility_ZaehlstellenMIVLVVelo
2020-01-21,1473628,Mobilität,aufkommen_miv,Aufkommen MIV an ausgewählten Zählstellen,Stadt Zürich,Anzahl,"Dienstabteilung Verkehr, Sicherheitsdepartement",täglich,ja,https://github.com/statistikZH/covid19monitoring_mobility_ZaehlstellenMIVLVVelo
2020-01-22,1511658,Mobilität,aufkommen_miv,Aufkommen MIV an ausgewählten Zählstellen,Stadt Zürich,Anzahl,"Dienstabteilung Verkehr, Sicherheitsdepartement",täglich,ja,https://github.com/statistikZH/covid19monitoring_mobility_ZaehlstellenMIVLVVelo
2020-01-23,1521859,Mobilität,aufkommen_miv,Aufkommen MIV an ausgewählten Zählstellen,Stadt Zürich,Anzahl,"Dienstabteilung Verkehr, Sicherheitsdepartement",täglich,ja,https://github.com/statistikZH/covid19monitoring_mobility_ZaehlstellenMIVLVVelo
2020-01-24,1592900,Mobilität,aufkommen_miv,Aufkommen MIV an ausgewählten Zählstellen,Stadt Zürich,Anzahl,"Dienstabteilung Verkehr, Sicherheitsdepartement",täglich,ja,https://github.com/statistikZH/covid19monitoring_mobility_ZaehlstellenMIVLVVelo
2020-01-25,1358935,Mobilität,aufkommen_miv,Aufkommen MIV an ausgewählten Zählstellen,Stadt Zürich,Anzahl,"Dienstabteilung Verkehr, Sicherheitsdepartement",täglich,ja,https://github.com/statistikZH/covid19monitoring_mobility_ZaehlstellenMIVLVVelo
2020-01-26,1072708,Mobilität,aufkommen_miv,Aufkommen MIV an ausgewählten Zählstellen,Stadt Zürich,Anzahl,"Dienstabteilung Verkehr, Sicherheitsdepartement",täglich,ja,https://github.com/statistikZH/covid19monitoring_mobility_ZaehlstellenMIVLVVelo
2020-01-27,1437055,Mobilität,aufkommen_miv,Aufkommen MIV an ausgewählten Zählstellen,Stadt Zürich,Anzahl,"Dienstabteilung Verkehr, Sicherheitsdepartement",täglich,ja,https://github.com/statistikZH/covid19monitoring_mobility_ZaehlstellenMIVLVVelo
2020-01-28,1485067,Mobilität,aufkommen_miv,Aufkommen MIV an ausgewählten Zählstellen,Stadt Zürich,Anzahl,"Dienstabteilung Verkehr, Sicherheitsdepartement",täglich,ja,https://github.com/statistikZH/covid19monitoring_mobility_ZaehlstellenMIVLVVelo
2020-01-29,1408759,Mobilität,aufkommen_miv,Aufkommen MIV an ausgewählten Zählstellen,Stadt Zürich,Anzahl,"Dienstabteilung Verkehr, Sicherheitsdepartement",täglich,ja,https://github.com/statistikZH/covid19monitoring_mobility_ZaehlstellenMIVLVVelo
2020-01-30,1557905,Mobilität,aufkommen_miv,Aufkommen MIV an ausgewählten Zählstellen,Stadt Zürich,Anzahl,"Dienstabteilung Verkehr, Sicherheitsdepartement",täglich,ja,https://github.com/statistikZH/covid19monitoring_mobility_ZaehlstellenMIVLVVelo
2020-01-31,1607896,Mobilität,aufkommen_miv,Aufkommen MIV an ausgewählten Zählstellen,Stadt Zürich,Anzahl,"Dienstabteilung Verkehr, Sicherheitsdepartement",täglich,ja,https://github.com/statistikZH/covid19monitoring_mobility_ZaehlstellenMIVLVVelo
2020-02-01,1365318,Mobilität,aufkommen_miv,Aufkommen MIV an ausgewählten Zählstellen,Stadt Zürich,Anzahl,"Dienstabteilung Verkehr, Sicherheitsdepartement",täglich,ja,https://github.com/statistikZH/covid19monitoring_mobility_ZaehlstellenMIVLVVelo
2020-02-02,1042763,Mobilität,aufkommen_miv,Aufkommen MIV an ausgewählten Zählstellen,Stadt Zürich,Anzahl,"Dienstabteilung Verkehr, Sicherheitsdepartement",täglich,ja,https://github.com/statistikZH/covid19monitoring_mobility_ZaehlstellenMIVLVVelo
2020-02-03,1425755,Mobilität,aufkommen_miv,Aufkommen MIV an ausgewählten Zählstellen,Stadt Zürich,Anzahl,"Dienstabteilung Verkehr, Sicherheitsdepartement",täglich,ja,https://github.com/statistikZH/covid19monitoring_mobility_ZaehlstellenMIVLVVelo
2020-02-04,1462649,Mobilität,aufkommen_miv,Aufkommen MIV an ausgewählten Zählstellen,Stadt Zürich,Anzahl,"Dienstabteilung Verkehr, Sicherheitsdepartement",täglich,ja,https://github.com/statistikZH/covid19monitoring_mobility_ZaehlstellenMIVLVVelo
2020-02-05,1514597,Mobilität,aufkommen_miv,Aufkommen MIV an ausgewählten Zählstellen,Stadt Zürich,Anzahl,"Dienstabteilung Verkehr, Sicherheitsdepartement",täglich,ja,https://github.com/statistikZH/covid19monitoring_mobility_ZaehlstellenMIVLVVelo
2020-02-06,1547015,Mobilität,aufkommen_miv,Aufkommen MIV an ausgewählten Zählstellen,Stadt Zürich,Anzahl,"Dienstabteilung Verkehr, Sicherheitsdepartement",täglich,ja,https://github.com/statistikZH/covid19monitoring_mobility_ZaehlstellenMIVLVVelo
2020-02-07,1583724,Mobilität,aufkommen_miv,Aufkommen MIV an ausgewählten Zählstellen,Stadt Zürich,Anzahl,"Dienstabteilung Verkehr, Sicherheitsdepartement",täglich,ja,https://github.com/statistikZH/covid19monitoring_mobility_ZaehlstellenMIVLVVelo
2020-02-08,1329009,Mobilität,aufkommen_miv,Aufkommen MIV an ausgewählten Zählstellen,Stadt Zürich,Anzahl,"Dienstabteilung Verkehr, Sicherheitsdepartement",täglich,ja,https://github.com/statistikZH/covid19monitoring_mobility_ZaehlstellenMIVLVVelo
2020-02-09,1047214,Mobilität,aufkommen_miv,Aufkommen MIV an ausgewählten Zählstellen,Stadt Zürich,Anzahl,"Dienstabteilung Verkehr, Sicherheitsdepartement",täglich,ja,https://github.com/statistikZH/covid19monitoring_mobility_ZaehlstellenMIVLVVelo
2020-02-10,1305552,Mobilität,aufkommen_miv,Aufkommen MIV an ausgewählten Zählstellen,Stadt Zürich,Anzahl,"Dienstabteilung Verkehr, Sicherheitsdepartement",täglich,ja,https://github.com/statistikZH/covid19monitoring_mobility_ZaehlstellenMIVLVVelo
2020-02-11,1402756,Mobilität,aufkommen_miv,Aufkommen MIV an ausgewählten Zählstellen,Stadt Zürich,Anzahl,"Dienstabteilung Verkehr, Sicherheitsdepartement",täglich,ja,https://github.com/statistikZH/covid19monitoring_mobility_ZaehlstellenMIVLVVelo
2020-02-12,1444260,Mobilität,aufkommen_miv,Aufkommen MIV an ausgewählten Zählstellen,Stadt Zürich,Anzahl,"Dienstabteilung Verkehr, Sicherheitsdepartement",täglich,ja,https://github.com/statistikZH/covid19monitoring_mobility_ZaehlstellenMIVLVVelo
2020-02-13,1457344,Mobilität,aufkommen_miv,Aufkommen MIV an ausgewählten Zählstellen,Stadt Zürich,Anzahl,"Dienstabteilung Verkehr, Sicherheitsdepartement",täglich,ja,https://github.com/statistikZH/covid19monitoring_mobility_ZaehlstellenMIVLVVelo
2020-02-14,1534974,Mobilität,aufkommen_miv,Aufkommen MIV an ausgewählten Zählstellen,Stadt Zürich,Anzahl,"Dienstabteilung Verkehr, Sicherheitsdepartement",täglich,ja,https://github.com/statistikZH/covid19monitoring_mobility_ZaehlstellenMIVLVVelo
2020-02-15,1253836,Mobilität,aufkommen_miv,Aufkommen MIV an ausgewählten Zählstellen,Stadt Zürich,Anzahl,"Dienstabteilung Verkehr, Sicherheitsdepartement",täglich,ja,https://github.com/statistikZH/covid19monitoring_mobility_ZaehlstellenMIVLVVelo
2020-02-16,1016980,Mobilität,aufkommen_miv,Aufkommen MIV an ausgewählten Zählstellen,Stadt Zürich,Anzahl,"Dienstabteilung Verkehr, Sicherheitsdepartement",täglich,ja,https://github.com/statistikZH/covid19monitoring_mobility_ZaehlstellenMIVLVVelo
2020-02-17,1361542,Mobilität,aufkommen_miv,Aufkommen MIV an ausgewählten Zählstellen,Stadt Zürich,Anzahl,"Dienstabteilung Verkehr, Sicherheitsdepartement",täglich,ja,https://github.com/statistikZH/covid19monitoring_mobility_ZaehlstellenMIVLVVelo
2020-02-18,1385937,Mobilität,aufkommen_miv,Aufkommen MIV an ausgewählten Zählstellen,Stadt Zürich,Anzahl,"Dienstabteilung Verkehr, Sicherheitsdepartement",täglich,ja,https://github.com/statistikZH/covid19monitoring_mobility_ZaehlstellenMIVLVVelo
2020-02-19,1447034,Mobilität,aufkommen_miv,Aufkommen MIV an ausgewählten Zählstellen,Stadt Zürich,Anzahl,"Dienstabteilung Verkehr, Sicherheitsdepartement",täglich,ja,https://github.com/statistikZH/covid19monitoring_mobility_ZaehlstellenMIVLVVelo
2020-02-20,1475742,Mobilität,aufkommen_miv,Aufkommen MIV an ausgewählten Zählstellen,Stadt Zürich,Anzahl,"Dienstabteilung Verkehr, Sicherheitsdepartement",täglich,ja,https://github.com/statistikZH/covid19monitoring_mobility_ZaehlstellenMIVLVVelo
2020-02-21,1535059,Mobilität,aufkommen_miv,Aufkommen MIV an ausgewählten Zählstellen,Stadt Zürich,Anzahl,"Dienstabteilung Verkehr, Sicherheitsdepartement",täglich,ja,https://github.com/statistikZH/covid19monitoring_mobility_ZaehlstellenMIVLVVelo
2020-02-22,1332891,Mobilität,aufkommen_miv,Aufkommen MIV an ausgewählten Zählstellen,Stadt Zürich,Anzahl,"Dienstabteilung Verkehr, Sicherheitsdepartement",täglich,ja,https://github.com/statistikZH/covid19monitoring_mobility_ZaehlstellenMIVLVVelo
2020-02-23,1038832,Mobilität,aufkommen_miv,Aufkommen MIV an ausgewählten Zählstellen,Stadt Zürich,Anzahl,"Dienstabteilung Verkehr, Sicherheitsdepartement",täglich,ja,https://github.com/statistikZH/covid19monitoring_mobility_ZaehlstellenMIVLVVelo
2020-02-24,1430227,Mobilität,aufkommen_miv,Aufkommen MIV an ausgewählten Zählstellen,Stadt Zürich,Anzahl,"Dienstabteilung Verkehr, Sicherheitsdepartement",täglich,ja,https://github.com/statistikZH/covid19monitoring_mobility_ZaehlstellenMIVLVVelo
2020-02-25,1494833,Mobilität,aufkommen_miv,Aufkommen MIV an ausgewählten Zählstellen,Stadt Zürich,Anzahl,"Dienstabteilung Verkehr, Sicherheitsdepartement",täglich,ja,https://github.com/statistikZH/covid19monitoring_mobility_ZaehlstellenMIVLVVelo
2020-02-26,1492030,Mobilität,aufkommen_miv,Aufkommen MIV an ausgewählten Zählstellen,Stadt Zürich,Anzahl,"Dienstabteilung Verkehr, Sicherheitsdepartement",täglich,ja,https://github.com/statistikZH/covid19monitoring_mobility_ZaehlstellenMIVLVVelo
2020-02-27,1512028,Mobilität,aufkommen_miv,Aufkommen MIV an ausgewählten Zählstellen,Stadt Zürich,Anzahl,"Dienstabteilung Verkehr, Sicherheitsdepartement",täglich,ja,https://github.com/statistikZH/covid19monitoring_mobility_ZaehlstellenMIVLVVelo
2020-02-28,1587966,Mobilität,aufkommen_miv,Aufkommen MIV an ausgewählten Zählstellen,Stadt Zürich,Anzahl,"Dienstabteilung Verkehr, Sicherheitsdepartement",täglich,ja,https://github.com/statistikZH/covid19monitoring_mobility_ZaehlstellenMIVLVVelo
2020-02-29,1321777,Mobilität,aufkommen_miv,Aufkommen MIV an ausgewählten Zählstellen,Stadt Zürich,Anzahl,"Dienstabteilung Verkehr, Sicherheitsdepartement",täglich,ja,https://github.com/statistikZH/covid19monitoring_mobility_ZaehlstellenMIVLVVelo
2020-03-01,1064542,Mobilität,aufkommen_miv,Aufkommen MIV an ausgewählten Zählstellen,Stadt Zürich,Anzahl,"Dienstabteilung Verkehr, Sicherheitsdepartement",täglich,ja,https://github.com/statistikZH/covid19monitoring_mobility_ZaehlstellenMIVLVVelo
2020-03-02,1433986,Mobilität,aufkommen_miv,Aufkommen MIV an ausgewählten Zählstellen,Stadt Zürich,Anzahl,"Dienstabteilung Verkehr, Sicherheitsdepartement",täglich,ja,https://github.com/statistikZH/covid19monitoring_mobility_ZaehlstellenMIVLVVelo
2020-03-03,1477263,Mobilität,aufkommen_miv,Aufkommen MIV an ausgewählten Zählstellen,Stadt Zürich,Anzahl,"Dienstabteilung Verkehr, Sicherheitsdepartement",täglich,ja,https://github.com/statistikZH/covid19monitoring_mobility_ZaehlstellenMIVLVVelo
2020-03-04,1499454,Mobilität,aufkommen_miv,Aufkommen MIV an ausgewählten Zählstellen,Stadt Zürich,Anzahl,"Dienstabteilung Verkehr, Sicherheitsdepartement",täglich,ja,https://github.com/statistikZH/covid19monitoring_mobility_ZaehlstellenMIVLVVelo
2020-03-05,1492657,Mobilität,aufkommen_miv,Aufkommen MIV an ausgewählten Zählstellen,Stadt Zürich,Anzahl,"Dienstabteilung Verkehr, Sicherheitsdepartement",täglich,ja,https://github.com/statistikZH/covid19monitoring_mobility_ZaehlstellenMIVLVVelo
2020-03-06,1549247,Mobilität,aufkommen_miv,Aufkommen MIV an ausgewählten Zählstellen,Stadt Zürich,Anzahl,"Dienstabteilung Verkehr, Sicherheitsdepartement",täglich,ja,https://github.com/statistikZH/covid19monitoring_mobility_ZaehlstellenMIVLVVelo
2020-03-07,1293424,Mobilität,aufkommen_miv,Aufkommen MIV an ausgewählten Zählstellen,Stadt Zürich,Anzahl,"Dienstabteilung Verkehr, Sicherheitsdepartement",täglich,ja,https://github.com/statistikZH/covid19monitoring_mobility_ZaehlstellenMIVLVVelo
2020-03-08,1054102,Mobilität,aufkommen_miv,Aufkommen MIV an ausgewählten Zählstellen,Stadt Zürich,Anzahl,"Dienstabteilung Verkehr, Sicherheitsdepartement",täglich,ja,https://github.com/statistikZH/covid19monitoring_mobility_ZaehlstellenMIVLVVelo
2020-03-09,1428670,Mobilität,aufkommen_miv,Aufkommen MIV an ausgewählten Zählstellen,Stadt Zürich,Anzahl,"Dienstabteilung Verkehr, Sicherheitsdepartement",täglich,ja,https://github.com/statistikZH/covid19monitoring_mobility_ZaehlstellenMIVLVVelo
2020-03-10,1456214,Mobilität,aufkommen_miv,Aufkommen MIV an ausgewählten Zählstellen,Stadt Zürich,Anzahl,"Dienstabteilung Verkehr, Sicherheitsdepartement",täglich,ja,https://github.com/statistikZH/covid19monitoring_mobility_ZaehlstellenMIVLVVelo
2020-03-11,1454119,Mobilität,aufkommen_miv,Aufkommen MIV an ausgewählten Zählstellen,Stadt Zürich,Anzahl,"Dienstabteilung Verkehr, Sicherheitsdepartement",täglich,ja,https://github.com/statistikZH/covid19monitoring_mobility_ZaehlstellenMIVLVVelo
2020-03-12,1433023,Mobilität,aufkommen_miv,Aufkommen MIV an ausgewählten Zählstellen,Stadt Zürich,Anzahl,"Dienstabteilung Verkehr, Sicherheitsdepartement",täglich,ja,https://github.com/statistikZH/covid19monitoring_mobility_ZaehlstellenMIVLVVelo
2020-03-13,1486572,Mobilität,aufkommen_miv,Aufkommen MIV an ausgewählten Zählstellen,Stadt Zürich,Anzahl,"Dienstabteilung Verkehr, Sicherheitsdepartement",täglich,ja,https://github.com/statistikZH/covid19monitoring_mobility_ZaehlstellenMIVLVVelo
2020-03-14,1105613,Mobilität,aufkommen_miv,Aufkommen MIV an ausgewählten Zählstellen,Stadt Zürich,Anzahl,"Dienstabteilung Verkehr, Sicherheitsdepartement",täglich,ja,https://github.com/statistikZH/covid19monitoring_mobility_ZaehlstellenMIVLVVelo
2020-03-15,849785,Mobilität,aufkommen_miv,Aufkommen MIV an ausgewählten Zählstellen,Stadt Zürich,Anzahl,"Dienstabteilung Verkehr, Sicherheitsdepartement",täglich,ja,https://github.com/statistikZH/covid19monitoring_mobility_ZaehlstellenMIVLVVelo
2020-03-16,1363089,Mobilität,aufkommen_miv,Aufkommen MIV an ausgewählten Zählstellen,Stadt Zürich,Anzahl,"Dienstabteilung Verkehr, Sicherheitsdepartement",täglich,ja,https://github.com/statistikZH/covid19monitoring_mobility_ZaehlstellenMIVLVVelo
2020-03-17,1167963,Mobilität,aufkommen_miv,Aufkommen MIV an ausgewählten Zählstellen,Stadt Zürich,Anzahl,"Dienstabteilung Verkehr, Sicherheitsdepartement",täglich,ja,https://github.com/statistikZH/covid19monitoring_mobility_ZaehlstellenMIVLVVelo
2020-03-18,1101252,Mobilität,aufkommen_miv,Aufkommen MIV an ausgewählten Zählstellen,Stadt Zürich,Anzahl,"Dienstabteilung Verkehr, Sicherheitsdepartement",täglich,ja,https://github.com/statistikZH/covid19monitoring_mobility_ZaehlstellenMIVLVVelo
2020-03-19,1012607,Mobilität,aufkommen_miv,Aufkommen MIV an ausgewählten Zählstellen,Stadt Zürich,Anzahl,"Dienstabteilung Verkehr, Sicherheitsdepartement",täglich,ja,https://github.com/statistikZH/covid19monitoring_mobility_ZaehlstellenMIVLVVelo
2020-03-20,1091992,Mobilität,aufkommen_miv,Aufkommen MIV an ausgewählten Zählstellen,Stadt Zürich,Anzahl,"Dienstabteilung Verkehr, Sicherheitsdepartement",täglich,ja,https://github.com/statistikZH/covid19monitoring_mobility_ZaehlstellenMIVLVVelo
2020-03-21,628392,Mobilität,aufkommen_miv,Aufkommen MIV an ausgewählten Zählstellen,Stadt Zürich,Anzahl,"Dienstabteilung Verkehr, Sicherheitsdepartement",täglich,ja,https://github.com/statistikZH/covid19monitoring_mobility_ZaehlstellenMIVLVVelo
2020-03-22,462978,Mobilität,aufkommen_miv,Aufkommen MIV an ausgewählten Zählstellen,Stadt Zürich,Anzahl,"Dienstabteilung Verkehr, Sicherheitsdepartement",täglich,ja,https://github.com/statistikZH/covid19monitoring_mobility_ZaehlstellenMIVLVVelo
2020-03-23,982340,Mobilität,aufkommen_miv,Aufkommen MIV an ausgewählten Zählstellen,Stadt Zürich,Anzahl,"Dienstabteilung Verkehr, Sicherheitsdepartement",täglich,ja,https://github.com/statistikZH/covid19monitoring_mobility_ZaehlstellenMIVLVVelo
2020-03-24,980906,Mobilität,aufkommen_miv,Aufkommen MIV an ausgewählten Zählstellen,Stadt Zürich,Anzahl,"Dienstabteilung Verkehr, Sicherheitsdepartement",täglich,ja,https://github.com/statistikZH/covid19monitoring_mobility_ZaehlstellenMIVLVVelo
2020-03-25,1001131,Mobilität,aufkommen_miv,Aufkommen MIV an ausgewählten Zählstellen,Stadt Zürich,Anzahl,"Dienstabteilung Verkehr, Sicherheitsdepartement",täglich,ja,https://github.com/statistikZH/covid19monitoring_mobility_ZaehlstellenMIVLVVelo
2020-03-26,991977,Mobilität,aufkommen_miv,Aufkommen MIV an ausgewählten Zählstellen,Stadt Zürich,Anzahl,"Dienstabteilung Verkehr, Sicherheitsdepartement",täglich,ja,https://github.com/statistikZH/covid19monitoring_mobility_ZaehlstellenMIVLVVelo
2020-03-27,1048412,Mobilität,aufkommen_miv,Aufkommen MIV an ausgewählten Zählstellen,Stadt Zürich,Anzahl,"Dienstabteilung Verkehr, Sicherheitsdepartement",täglich,ja,https://github.com/statistikZH/covid19monitoring_mobility_ZaehlstellenMIVLVVelo
2020-03-28,727912,Mobilität,aufkommen_miv,Aufkommen MIV an ausgewählten Zählstellen,Stadt Zürich,Anzahl,"Dienstabteilung Verkehr, Sicherheitsdepartement",täglich,ja,https://github.com/statistikZH/covid19monitoring_mobility_ZaehlstellenMIVLVVelo
2020-03-29,455784,Mobilität,aufkommen_miv,Aufkommen MIV an ausgewählten Zählstellen,Stadt Zürich,Anzahl,"Dienstabteilung Verkehr, Sicherheitsdepartement",täglich,ja,https://github.com/statistikZH/covid19monitoring_mobility_ZaehlstellenMIVLVVelo
2020-03-30,981668,Mobilität,aufkommen_miv,Aufkommen MIV an ausgewählten Zählstellen,Stadt Zürich,Anzahl,"Dienstabteilung Verkehr, Sicherheitsdepartement",täglich,ja,https://github.com/statistikZH/covid19monitoring_mobility_ZaehlstellenMIVLVVelo
2020-03-31,1028683,Mobilität,aufkommen_miv,Aufkommen MIV an ausgewählten Zählstellen,Stadt Zürich,Anzahl,"Dienstabteilung Verkehr, Sicherheitsdepartement",täglich,ja,https://github.com/statistikZH/covid19monitoring_mobility_ZaehlstellenMIVLVVelo
2020-04-01,1042488,Mobilität,aufkommen_miv,Aufkommen MIV an ausgewählten Zählstellen,Stadt Zürich,Anzahl,"Dienstabteilung Verkehr, Sicherheitsdepartement",täglich,ja,https://github.com/statistikZH/covid19monitoring_mobility_ZaehlstellenMIVLVVelo
2020-04-02,1024895,Mobilität,aufkommen_miv,Aufkommen MIV an ausgewählten Zählstellen,Stadt Zürich,Anzahl,"Dienstabteilung Verkehr, Sicherheitsdepartement",täglich,ja,https://github.com/statistikZH/covid19monitoring_mobility_ZaehlstellenMIVLVVelo
2020-04-03,1074546,Mobilität,aufkommen_miv,Aufkommen MIV an ausgewählten Zählstellen,Stadt Zürich,Anzahl,"Dienstabteilung Verkehr, Sicherheitsdepartement",täglich,ja,https://github.com/statistikZH/covid19monitoring_mobility_ZaehlstellenMIVLVVelo
2020-04-04,724864,Mobilität,aufkommen_miv,Aufkommen MIV an ausgewählten Zählstellen,Stadt Zürich,Anzahl,"Dienstabteilung Verkehr, Sicherheitsdepartement",täglich,ja,https://github.com/statistikZH/covid19monitoring_mobility_ZaehlstellenMIVLVVelo
2020-04-05,561232,Mobilität,aufkommen_miv,Aufkommen MIV an ausgewählten Zählstellen,Stadt Zürich,Anzahl,"Dienstabteilung Verkehr, Sicherheitsdepartement",täglich,ja,https://github.com/statistikZH/covid19monitoring_mobility_ZaehlstellenMIVLVVelo
2020-04-06,1009296,Mobilität,aufkommen_miv,Aufkommen MIV an ausgewählten Zählstellen,Stadt Zürich,Anzahl,"Dienstabteilung Verkehr, Sicherheitsdepartement",täglich,ja,https://github.com/statistikZH/covid19monitoring_mobility_ZaehlstellenMIVLVVelo
2020-04-07,1058959,Mobilität,aufkommen_miv,Aufkommen MIV an ausgewählten Zählstellen,Stadt Zürich,Anzahl,"Dienstabteilung Verkehr, Sicherheitsdepartement",täglich,ja,https://github.com/statistikZH/covid19monitoring_mobility_ZaehlstellenMIVLVVelo
2020-04-08,1098286,Mobilität,aufkommen_miv,Aufkommen MIV an ausgewählten Zählstellen,Stadt Zürich,Anzahl,"Dienstabteilung Verkehr, Sicherheitsdepartement",täglich,ja,https://github.com/statistikZH/covid19monitoring_mobility_ZaehlstellenMIVLVVelo
2020-04-09,1140940,Mobilität,aufkommen_miv,Aufkommen MIV an ausgewählten Zählstellen,Stadt Zürich,Anzahl,"Dienstabteilung Verkehr, Sicherheitsdepartement",täglich,ja,https://github.com/statistikZH/covid19monitoring_mobility_ZaehlstellenMIVLVVelo
2020-04-10,594040,Mobilität,aufkommen_miv,Aufkommen MIV an ausgewählten Zählstellen,Stadt Zürich,Anzahl,"Dienstabteilung Verkehr, Sicherheitsdepartement",täglich,ja,https://github.com/statistikZH/covid19monitoring_mobility_ZaehlstellenMIVLVVelo
2020-04-11,783450,Mobilität,aufkommen_miv,Aufkommen MIV an ausgewählten Zählstellen,Stadt Zürich,Anzahl,"Dienstabteilung Verkehr, Sicherheitsdepartement",täglich,ja,https://github.com/statistikZH/covid19monitoring_mobility_ZaehlstellenMIVLVVelo
2020-04-12,584178,Mobilität,aufkommen_miv,Aufkommen MIV an ausgewählten Zählstellen,Stadt Zürich,Anzahl,"Dienstabteilung Verkehr, Sicherheitsdepartement",täglich,ja,https://github.com/statistikZH/covid19monitoring_mobility_ZaehlstellenMIVLVVelo
2020-04-13,576366,Mobilität,aufkommen_miv,Aufkommen MIV an ausgewählten Zählstellen,Stadt Zürich,Anzahl,"Dienstabteilung Verkehr, Sicherheitsdepartement",täglich,ja,https://github.com/statistikZH/covid19monitoring_mobility_ZaehlstellenMIVLVVelo
2020-01-01,54.98632800042152,Mobilität,aufkommen_miv_indexiert,"Aufkommen MIV an ausgewählten Zählstellen, relativ zu mittlerem Aufkommen 2019",Stadt Zürich,Anteil,"Dienstabteilung Verkehr, Sicherheitsdepartement",täglich,ja,https://github.com/statistikZH/covid19monitoring_mobility_ZaehlstellenMIVLVVelo
2020-01-02,60.872498204336765,Mobilität,aufkommen_miv_indexiert,"Aufkommen MIV an ausgewählten Zählstellen, relativ zu mittlerem Aufkommen 2019",Stadt Zürich,Anteil,"Dienstabteilung Verkehr, Sicherheitsdepartement",täglich,ja,https://github.com/statistikZH/covid19monitoring_mobility_ZaehlstellenMIVLVVelo
2020-01-03,79.66089003885288,Mobilität,aufkommen_miv_indexiert,"Aufkommen MIV an ausgewählten Zählstellen, relativ zu mittlerem Aufkommen 2019",Stadt Zürich,Anteil,"Dienstabteilung Verkehr, Sicherheitsdepartement",täglich,ja,https://github.com/statistikZH/covid19monitoring_mobility_ZaehlstellenMIVLVVelo
2020-01-04,91.72388497652582,Mobilität,aufkommen_miv_indexiert,"Aufkommen MIV an ausgewählten Zählstellen, relativ zu mittlerem Aufkommen 2019",Stadt Zürich,Anteil,"Dienstabteilung Verkehr, Sicherheitsdepartement",täglich,ja,https://github.com/statistikZH/covid19monitoring_mobility_ZaehlstellenMIVLVVelo
2020-01-05,83.13915354874344,Mobilität,aufkommen_miv_indexiert,"Aufkommen MIV an ausgewählten Zählstellen, relativ zu mittlerem Aufkommen 2019",Stadt Zürich,Anteil,"Dienstabteilung Verkehr, Sicherheitsdepartement",täglich,ja,https://github.com/statistikZH/covid19monitoring_mobility_ZaehlstellenMIVLVVelo
2020-01-06,91.23986732891282,Mobilität,aufkommen_miv_indexiert,"Aufkommen MIV an ausgewählten Zählstellen, relativ zu mittlerem Aufkommen 2019",Stadt Zürich,Anteil,"Dienstabteilung Verkehr, Sicherheitsdepartement",täglich,ja,https://github.com/statistikZH/covid19monitoring_mobility_ZaehlstellenMIVLVVelo
2020-01-07,93.87408448907489,Mobilität,aufkommen_miv_indexiert,"Aufkommen MIV an ausgewählten Zählstellen, relativ zu mittlerem Aufkommen 2019",Stadt Zürich,Anteil,"Dienstabteilung Verkehr, Sicherheitsdepartement",täglich,ja,https://github.com/statistikZH/covid19monitoring_mobility_ZaehlstellenMIVLVVelo
2020-01-08,97.25464584529287,Mobilität,aufkommen_miv_indexiert,"Aufkommen MIV an ausgewählten Zählstellen, relativ zu mittlerem Aufkommen 2019",Stadt Zürich,Anteil,"Dienstabteilung Verkehr, Sicherheitsdepartement",täglich,ja,https://github.com/statistikZH/covid19monitoring_mobility_ZaehlstellenMIVLVVelo
2020-01-09,100.30463877356894,Mobilität,aufkommen_miv_indexiert,"Aufkommen MIV an ausgewählten Zählstellen, relativ zu mittlerem Aufkommen 2019",Stadt Zürich,Anteil,"Dienstabteilung Verkehr, Sicherheitsdepartement",täglich,ja,https://github.com/statistikZH/covid19monitoring_mobility_ZaehlstellenMIVLVVelo
2020-01-10,104.55294225313443,Mobilität,aufkommen_miv_indexiert,"Aufkommen MIV an ausgewählten Zählstellen, relativ zu mittlerem Aufkommen 2019",Stadt Zürich,Anteil,"Dienstabteilung Verkehr, Sicherheitsdepartement",täglich,ja,https://github.com/statistikZH/covid19monitoring_mobility_ZaehlstellenMIVLVVelo
2020-01-11,111.3634009942005,Mobilität,aufkommen_miv_indexiert,"Aufkommen MIV an ausgewählten Zählstellen, relativ zu mittlerem Aufkommen 2019",Stadt Zürich,Anteil,"Dienstabteilung Verkehr, Sicherheitsdepartement",täglich,ja,https://github.com/statistikZH/covid19monitoring_mobility_ZaehlstellenMIVLVVelo
2020-01-12,90.83540458436896,Mobilität,aufkommen_miv_indexiert,"Aufkommen MIV an ausgewählten Zählstellen, relativ zu mittlerem Aufkommen 2019",Stadt Zürich,Anteil,"Dienstabteilung Verkehr, Sicherheitsdepartement",täglich,ja,https://github.com/statistikZH/covid19monitoring_mobility_ZaehlstellenMIVLVVelo
2020-01-13,97.88493057231045,Mobilität,aufkommen_miv_indexiert,"Aufkommen MIV an ausgewählten Zählstellen, relativ zu mittlerem Aufkommen 2019",Stadt Zürich,Anteil,"Dienstabteilung Verkehr, Sicherheitsdepartement",täglich,ja,https://github.com/statistikZH/covid19monitoring_mobility_ZaehlstellenMIVLVVelo
2020-01-14,102.44341927557814,Mobilität,aufkommen_miv_indexiert,"Aufkommen MIV an ausgewählten Zählstellen, relativ zu mittlerem Aufkommen 2019",Stadt Zürich,Anteil,"Dienstabteilung Verkehr, Sicherheitsdepartement",täglich,ja,https://github.com/statistikZH/covid19monitoring_mobility_ZaehlstellenMIVLVVelo
2020-01-15,103.45661705367021,Mobilität,aufkommen_miv_indexiert,"Aufkommen MIV an ausgewählten Zählstellen, relativ zu mittlerem Aufkommen 2019",Stadt Zürich,Anteil,"Dienstabteilung Verkehr, Sicherheitsdepartement",täglich,ja,https://github.com/statistikZH/covid19monitoring_mobility_ZaehlstellenMIVLVVelo
2020-01-16,103.90477022443712,Mobilität,aufkommen_miv_indexiert,"Aufkommen MIV an ausgewählten Zählstellen, relativ zu mittlerem Aufkommen 2019",Stadt Zürich,Anteil,"Dienstabteilung Verkehr, Sicherheitsdepartement",täglich,ja,https://github.com/statistikZH/covid19monitoring_mobility_ZaehlstellenMIVLVVelo
2020-01-17,107.43217384793297,Mobilität,aufkommen_miv_indexiert,"Aufkommen MIV an ausgewählten Zählstellen, relativ zu mittlerem Aufkommen 2019",Stadt Zürich,Anteil,"Dienstabteilung Verkehr, Sicherheitsdepartement",täglich,ja,https://github.com/statistikZH/covid19monitoring_mobility_ZaehlstellenMIVLVVelo
2020-01-18,112.05649337199668,Mobilität,aufkommen_miv_indexiert,"Aufkommen MIV an ausgewählten Zählstellen, relativ zu mittlerem Aufkommen 2019",Stadt Zürich,Anteil,"Dienstabteilung Verkehr, Sicherheitsdepartement",täglich,ja,https://github.com/statistikZH/covid19monitoring_mobility_ZaehlstellenMIVLVVelo
2020-01-19,90.53999240541287,Mobilität,aufkommen_miv_indexiert,"Aufkommen MIV an ausgewählten Zählstellen, relativ zu mittlerem Aufkommen 2019",Stadt Zürich,Anteil,"Dienstabteilung Verkehr, Sicherheitsdepartement",täglich,ja,https://github.com/statistikZH/covid19monitoring_mobility_ZaehlstellenMIVLVVelo
2020-01-20,98.84703167854994,Mobilität,aufkommen_miv_indexiert,"Aufkommen MIV an ausgewählten Zählstellen, relativ zu mittlerem Aufkommen 2019",Stadt Zürich,Anteil,"Dienstabteilung Verkehr, Sicherheitsdepartement",täglich,ja,https://github.com/statistikZH/covid19monitoring_mobility_ZaehlstellenMIVLVVelo
2020-01-21,102.16755271207545,Mobilität,aufkommen_miv_indexiert,"Aufkommen MIV an ausgewählten Zählstellen, relativ zu mittlerem Aufkommen 2019",Stadt Zürich,Anteil,"Dienstabteilung Verkehr, Sicherheitsdepartement",täglich,ja,https://github.com/statistikZH/covid19monitoring_mobility_ZaehlstellenMIVLVVelo
2020-01-22,104.80419644417083,Mobilität,aufkommen_miv_indexiert,"Aufkommen MIV an ausgewählten Zählstellen, relativ zu mittlerem Aufkommen 2019",Stadt Zürich,Anteil,"Dienstabteilung Verkehr, Sicherheitsdepartement",täglich,ja,https://github.com/statistikZH/covid19monitoring_mobility_ZaehlstellenMIVLVVelo
2020-01-23,105.5114381667873,Mobilität,aufkommen_miv_indexiert,"Aufkommen MIV an ausgewählten Zählstellen, relativ zu mittlerem Aufkommen 2019",Stadt Zürich,Anteil,"Dienstabteilung Verkehr, Sicherheitsdepartement",täglich,ja,https://github.com/statistikZH/covid19monitoring_mobility_ZaehlstellenMIVLVVelo
2020-01-24,110.43675521574305,Mobilität,aufkommen_miv_indexiert,"Aufkommen MIV an ausgewählten Zählstellen, relativ zu mittlerem Aufkommen 2019",Stadt Zürich,Anteil,"Dienstabteilung Verkehr, Sicherheitsdepartement",täglich,ja,https://github.com/statistikZH/covid19monitoring_mobility_ZaehlstellenMIVLVVelo
2020-01-25,117.27898025407346,Mobilität,aufkommen_miv_indexiert,"Aufkommen MIV an ausgewählten Zählstellen, relativ zu mittlerem Aufkommen 2019",Stadt Zürich,Anteil,"Dienstabteilung Verkehr, Sicherheitsdepartement",täglich,ja,https://github.com/statistikZH/covid19monitoring_mobility_ZaehlstellenMIVLVVelo
2020-01-26,92.57698149682409,Mobilität,aufkommen_miv_indexiert,"Aufkommen MIV an ausgewählten Zählstellen, relativ zu mittlerem Aufkommen 2019",Stadt Zürich,Anteil,"Dienstabteilung Verkehr, Sicherheitsdepartement",täglich,ja,https://github.com/statistikZH/covid19monitoring_mobility_ZaehlstellenMIVLVVelo
2020-01-27,99.63192370303197,Mobilität,aufkommen_miv_indexiert,"Aufkommen MIV an ausgewählten Zählstellen, relativ zu mittlerem Aufkommen 2019",Stadt Zürich,Anteil,"Dienstabteilung Verkehr, Sicherheitsdepartement",täglich,ja,https://github.com/statistikZH/covid19monitoring_mobility_ZaehlstellenMIVLVVelo
2020-01-28,102.96062575050404,Mobilität,aufkommen_miv_indexiert,"Aufkommen MIV an ausgewählten Zählstellen, relativ zu mittlerem Aufkommen 2019",Stadt Zürich,Anteil,"Dienstabteilung Verkehr, Sicherheitsdepartement",täglich,ja,https://github.com/statistikZH/covid19monitoring_mobility_ZaehlstellenMIVLVVelo
2020-01-29,97.67014429090023,Mobilität,aufkommen_miv_indexiert,"Aufkommen MIV an ausgewählten Zählstellen, relativ zu mittlerem Aufkommen 2019",Stadt Zürich,Anteil,"Dienstabteilung Verkehr, Sicherheitsdepartement",täglich,ja,https://github.com/statistikZH/covid19monitoring_mobility_ZaehlstellenMIVLVVelo
2020-01-30,108.01052993557798,Mobilität,aufkommen_miv_indexiert,"Aufkommen MIV an ausgewählten Zählstellen, relativ zu mittlerem Aufkommen 2019",Stadt Zürich,Anteil,"Dienstabteilung Verkehr, Sicherheitsdepartement",täglich,ja,https://github.com/statistikZH/covid19monitoring_mobility_ZaehlstellenMIVLVVelo
2020-01-31,111.47643729322141,Mobilität,aufkommen_miv_indexiert,"Aufkommen MIV an ausgewählten Zählstellen, relativ zu mittlerem Aufkommen 2019",Stadt Zürich,Anteil,"Dienstabteilung Verkehr, Sicherheitsdepartement",täglich,ja,https://github.com/statistikZH/covid19monitoring_mobility_ZaehlstellenMIVLVVelo
2020-02-01,117.82984672742336,Mobilität,aufkommen_miv_indexiert,"Aufkommen MIV an ausgewählten Zählstellen, relativ zu mittlerem Aufkommen 2019",Stadt Zürich,Anteil,"Dienstabteilung Verkehr, Sicherheitsdepartement",täglich,ja,https://github.com/statistikZH/covid19monitoring_mobility_ZaehlstellenMIVLVVelo
2020-02-02,89.99266431924883,Mobilität,aufkommen_miv_indexiert,"Aufkommen MIV an ausgewählten Zählstellen, relativ zu mittlerem Aufkommen 2019",Stadt Zürich,Anteil,"Dienstabteilung Verkehr, Sicherheitsdepartement",täglich,ja,https://github.com/statistikZH/covid19monitoring_mobility_ZaehlstellenMIVLVVelo
2020-02-03,98.848487621709907,Mobilität,aufkommen_miv_indexiert,"Aufkommen MIV an ausgewählten Zählstellen, relativ zu mittlerem Aufkommen 2019",Stadt Zürich,Anteil,"Dienstabteilung Verkehr, Sicherheitsdepartement",täglich,ja,https://github.com/statistikZH/covid19monitoring_mobility_ZaehlstellenMIVLVVelo
2020-02-04,101.40637176191308,Mobilität,aufkommen_miv_indexiert,"Aufkommen MIV an ausgewählten Zählstellen, relativ zu mittlerem Aufkommen 2019",Stadt Zürich,Anteil,"Dienstabteilung Verkehr, Sicherheitsdepartement",täglich,ja,https://github.com/statistikZH/covid19monitoring_mobility_ZaehlstellenMIVLVVelo
2020-02-05,105.00795915594121,Mobilität,aufkommen_miv_indexiert,"Aufkommen MIV an ausgewählten Zählstellen, relativ zu mittlerem Aufkommen 2019",Stadt Zürich,Anteil,"Dienstabteilung Verkehr, Sicherheitsdepartement",täglich,ja,https://github.com/statistikZH/covid19monitoring_mobility_ZaehlstellenMIVLVVelo
2020-02-06,107.25551941118884,Mobilität,aufkommen_miv_indexiert,"Aufkommen MIV an ausgewählten Zählstellen, relativ zu mittlerem Aufkommen 2019",Stadt Zürich,Anteil,"Dienstabteilung Verkehr, Sicherheitsdepartement",täglich,ja,https://github.com/statistikZH/covid19monitoring_mobility_ZaehlstellenMIVLVVelo
2020-02-07,109.80057738545888,Mobilität,aufkommen_miv_indexiert,"Aufkommen MIV an ausgewählten Zählstellen, relativ zu mittlerem Aufkommen 2019",Stadt Zürich,Anteil,"Dienstabteilung Verkehr, Sicherheitsdepartement",täglich,ja,https://github.com/statistikZH/covid19monitoring_mobility_ZaehlstellenMIVLVVelo
2020-02-08,114.69630281690142,Mobilität,aufkommen_miv_indexiert,"Aufkommen MIV an ausgewählten Zählstellen, relativ zu mittlerem Aufkommen 2019",Stadt Zürich,Anteil,"Dienstabteilung Verkehr, Sicherheitsdepartement",täglich,ja,https://github.com/statistikZH/covid19monitoring_mobility_ZaehlstellenMIVLVVelo
2020-02-09,90.37679508423088,Mobilität,aufkommen_miv_indexiert,"Aufkommen MIV an ausgewählten Zählstellen, relativ zu mittlerem Aufkommen 2019",Stadt Zürich,Anteil,"Dienstabteilung Verkehr, Sicherheitsdepartement",täglich,ja,https://github.com/statistikZH/covid19monitoring_mobility_ZaehlstellenMIVLVVelo
2020-02-10,90.5147383046166,Mobilität,aufkommen_miv_indexiert,"Aufkommen MIV an ausgewählten Zählstellen, relativ zu mittlerem Aufkommen 2019",Stadt Zürich,Anteil,"Dienstabteilung Verkehr, Sicherheitsdepartement",täglich,ja,https://github.com/statistikZH/covid19monitoring_mobility_ZaehlstellenMIVLVVelo
2020-02-11,97.25395253902622,Mobilität,aufkommen_miv_indexiert,"Aufkommen MIV an ausgewählten Zählstellen, relativ zu mittlerem Aufkommen 2019",Stadt Zürich,Anteil,"Dienstabteilung Verkehr, Sicherheitsdepartement",täglich,ja,https://github.com/statistikZH/covid19monitoring_mobility_ZaehlstellenMIVLVVelo
2020-02-12,100.13145086815811,Mobilität,aufkommen_miv_indexiert,"Aufkommen MIV an ausgewählten Zählstellen, relativ zu mittlerem Aufkommen 2019",Stadt Zürich,Anteil,"Dienstabteilung Verkehr, Sicherheitsdepartement",täglich,ja,https://github.com/statistikZH/covid19monitoring_mobility_ZaehlstellenMIVLVVelo
2020-02-13,101.03857278745171,Mobilität,aufkommen_miv_indexiert,"Aufkommen MIV an ausgewählten Zählstellen, relativ zu mittlerem Aufkommen 2019",Stadt Zürich,Anteil,"Dienstabteilung Verkehr, Sicherheitsdepartement",täglich,ja,https://github.com/statistikZH/covid19monitoring_mobility_ZaehlstellenMIVLVVelo
2020-02-14,106.42070933550754,Mobilität,aufkommen_miv_indexiert,"Aufkommen MIV an ausgewählten Zählstellen, relativ zu mittlerem Aufkommen 2019",Stadt Zürich,Anteil,"Dienstabteilung Verkehr, Sicherheitsdepartement",täglich,ja,https://github.com/statistikZH/covid19monitoring_mobility_ZaehlstellenMIVLVVelo
2020-02-15,108.20871306268987,Mobilität,aufkommen_miv_indexiert,"Aufkommen MIV an ausgewählten Zählstellen, relativ zu mittlerem Aufkommen 2019",Stadt Zürich,Anteil,"Dienstabteilung Verkehr, Sicherheitsdepartement",täglich,ja,https://github.com/statistikZH/covid19monitoring_mobility_ZaehlstellenMIVLVVelo
2020-02-16,87.76753659210162,Mobilität,aufkommen_miv_indexiert,"Aufkommen MIV an ausgewählten Zählstellen, relativ zu mittlerem Aufkommen 2019",Stadt Zürich,Anteil,"Dienstabteilung Verkehr, Sicherheitsdepartement",täglich,ja,https://github.com/statistikZH/covid19monitoring_mobility_ZaehlstellenMIVLVVelo
2020-02-17,94.39656009162735,Mobilität,aufkommen_miv_indexiert,"Aufkommen MIV an ausgewählten Zählstellen, relativ zu mittlerem Aufkommen 2019",Stadt Zürich,Anteil,"Dienstabteilung Verkehr, Sicherheitsdepartement",täglich,ja,https://github.com/statistikZH/covid19monitoring_mobility_ZaehlstellenMIVLVVelo
2020-02-18,96.08788072913633,Mobilität,aufkommen_miv_indexiert,"Aufkommen MIV an ausgewählten Zählstellen, relativ zu mittlerem Aufkommen 2019",Stadt Zürich,Anteil,"Dienstabteilung Verkehr, Sicherheitsdepartement",täglich,ja,https://github.com/statistikZH/covid19monitoring_mobility_ZaehlstellenMIVLVVelo
2020-02-19,100.32377402652868,Mobilität,aufkommen_miv_indexiert,"Aufkommen MIV an ausgewählten Zählstellen, relativ zu mittlerem Aufkommen 2019",Stadt Zürich,Anteil,"Dienstabteilung Verkehr, Sicherheitsdepartement",täglich,ja,https://github.com/statistikZH/covid19monitoring_mobility_ZaehlstellenMIVLVVelo
2020-02-20,102.31411765684668,Mobilität,aufkommen_miv_indexiert,"Aufkommen MIV an ausgewählten Zählstellen, relativ zu mittlerem Aufkommen 2019",Stadt Zürich,Anteil,"Dienstabteilung Verkehr, Sicherheitsdepartement",täglich,ja,https://github.com/statistikZH/covid19monitoring_mobility_ZaehlstellenMIVLVVelo
2020-02-21,106.42660243877413,Mobilität,aufkommen_miv_indexiert,"Aufkommen MIV an ausgewählten Zählstellen, relativ zu mittlerem Aufkommen 2019",Stadt Zürich,Anteil,"Dienstabteilung Verkehr, Sicherheitsdepartement",täglich,ja,https://github.com/statistikZH/covid19monitoring_mobility_ZaehlstellenMIVLVVelo
2020-02-22,115.03132767191384,Mobilität,aufkommen_miv_indexiert,"Aufkommen MIV an ausgewählten Zählstellen, relativ zu mittlerem Aufkommen 2019",Stadt Zürich,Anteil,"Dienstabteilung Verkehr, Sicherheitsdepartement",täglich,ja,https://github.com/statistikZH/covid19monitoring_mobility_ZaehlstellenMIVLVVelo
2020-02-23,89.65341066003867,Mobilität,aufkommen_miv_indexiert,"Aufkommen MIV an ausgewählten Zählstellen, relativ zu mittlerem Aufkommen 2019",Stadt Zürich,Anteil,"Dienstabteilung Verkehr, Sicherheitsdepartement",täglich,ja,https://github.com/statistikZH/covid19monitoring_mobility_ZaehlstellenMIVLVVelo
2020-02-24,99.15853418415878,Mobilität,aufkommen_miv_indexiert,"Aufkommen MIV an ausgewählten Zählstellen, relativ zu mittlerem Aufkommen 2019",Stadt Zürich,Anteil,"Dienstabteilung Verkehr, Sicherheitsdepartement",täglich,ja,https://github.com/statistikZH/covid19monitoring_mobility_ZaehlstellenMIVLVVelo
2020-02-25,103.63770865052095,Mobilität,aufkommen_miv_indexiert,"Aufkommen MIV an ausgewählten Zählstellen, relativ zu mittlerem Aufkommen 2019",Stadt Zürich,Anteil,"Dienstabteilung Verkehr, Sicherheitsdepartement",täglich,ja,https://github.com/statistikZH/covid19monitoring_mobility_ZaehlstellenMIVLVVelo
2020-02-26,103.44337490397709,Mobilität,aufkommen_miv_indexiert,"Aufkommen MIV an ausgewählten Zählstellen, relativ zu mittlerem Aufkommen 2019",Stadt Zürich,Anteil,"Dienstabteilung Verkehr, Sicherheitsdepartement",täglich,ja,https://github.com/statistikZH/covid19monitoring_mobility_ZaehlstellenMIVLVVelo
2020-02-27,104.82984877603711,Mobilität,aufkommen_miv_indexiert,"Aufkommen MIV an ausgewählten Zählstellen, relativ zu mittlerem Aufkommen 2019",Stadt Zürich,Anteil,"Dienstabteilung Verkehr, Sicherheitsdepartement",täglich,ja,https://github.com/statistikZH/covid19monitoring_mobility_ZaehlstellenMIVLVVelo
2020-02-28,110.09467790377462,Mobilität,aufkommen_miv_indexiert,"Aufkommen MIV an ausgewählten Zählstellen, relativ zu mittlerem Aufkommen 2019",Stadt Zürich,Anteil,"Dienstabteilung Verkehr, Sicherheitsdepartement",täglich,ja,https://github.com/statistikZH/covid19monitoring_mobility_ZaehlstellenMIVLVVelo
2020-02-29,114.07216583816626,Mobilität,aufkommen_miv_indexiert,"Aufkommen MIV an ausgewählten Zählstellen, relativ zu mittlerem Aufkommen 2019",Stadt Zürich,Anteil,"Dienstabteilung Verkehr, Sicherheitsdepartement",täglich,ja,https://github.com/statistikZH/covid19monitoring_mobility_ZaehlstellenMIVLVVelo
2020-03-01,91.87223833195249,Mobilität,aufkommen_miv_indexiert,"Aufkommen MIV an ausgewählten Zählstellen, relativ zu mittlerem Aufkommen 2019",Stadt Zürich,Anteil,"Dienstabteilung Verkehr, Sicherheitsdepartement",täglich,ja,https://github.com/statistikZH/covid19monitoring_mobility_ZaehlstellenMIVLVVelo
2020-03-02,99.41914800979504,Mobilität,aufkommen_miv_indexiert,"Aufkommen MIV an ausgewählten Zählstellen, relativ zu mittlerem Aufkommen 2019",Stadt Zürich,Anteil,"Dienstabteilung Verkehr, Sicherheitsdepartement",täglich,ja,https://github.com/statistikZH/covid19monitoring_mobility_ZaehlstellenMIVLVVelo
2020-03-03,102.41956954000516,Mobilität,aufkommen_miv_indexiert,"Aufkommen MIV an ausgewählten Zählstellen, relativ zu mittlerem Aufkommen 2019",Stadt Zürich,Anteil,"Dienstabteilung Verkehr, Sicherheitsdepartement",täglich,ja,https://github.com/statistikZH/covid19monitoring_mobility_ZaehlstellenMIVLVVelo
2020-03-04,103.958085476343,Mobilität,aufkommen_miv_indexiert,"Aufkommen MIV an ausgewählten Zählstellen, relativ zu mittlerem Aufkommen 2019",Stadt Zürich,Anteil,"Dienstabteilung Verkehr, Sicherheitsdepartement",täglich,ja,https://github.com/statistikZH/covid19monitoring_mobility_ZaehlstellenMIVLVVelo
2020-03-05,103.48684520689646,Mobilität,aufkommen_miv_indexiert,"Aufkommen MIV an ausgewählten Zählstellen, relativ zu mittlerem Aufkommen 2019",Stadt Zürich,Anteil,"Dienstabteilung Verkehr, Sicherheitsdepartement",täglich,ja,https://github.com/statistikZH/covid19monitoring_mobility_ZaehlstellenMIVLVVelo
2020-03-06,107.41026536990663,Mobilität,aufkommen_miv_indexiert,"Aufkommen MIV an ausgewählten Zählstellen, relativ zu mittlerem Aufkommen 2019",Stadt Zürich,Anteil,"Dienstabteilung Verkehr, Sicherheitsdepartement",täglich,ja,https://github.com/statistikZH/covid19monitoring_mobility_ZaehlstellenMIVLVVelo
2020-03-07,111.62524164595415,Mobilität,aufkommen_miv_indexiert,"Aufkommen MIV an ausgewählten Zählstellen, relativ zu mittlerem Aufkommen 2019",Stadt Zürich,Anteil,"Dienstabteilung Verkehr, Sicherheitsdepartement",täglich,ja,https://github.com/statistikZH/covid19monitoring_mobility_ZaehlstellenMIVLVVelo
2020-03-08,90.97124413145539,Mobilität,aufkommen_miv_indexiert,"Aufkommen MIV an ausgewählten Zählstellen, relativ zu mittlerem Aufkommen 2019",Stadt Zürich,Anteil,"Dienstabteilung Verkehr, Sicherheitsdepartement",täglich,ja,https://github.com/statistikZH/covid19monitoring_mobility_ZaehlstellenMIVLVVelo
2020-03-09,99.05058639844034,Mobilität,aufkommen_miv_indexiert,"Aufkommen MIV an ausgewählten Zählstellen, relativ zu mittlerem Aufkommen 2019",Stadt Zürich,Anteil,"Dienstabteilung Verkehr, Sicherheitsdepartement",täglich,ja,https://github.com/statistikZH/covid19monitoring_mobility_ZaehlstellenMIVLVVelo
2020-03-10,100.9602291793195,Mobilität,aufkommen_miv_indexiert,"Aufkommen MIV an ausgewählten Zählstellen, relativ zu mittlerem Aufkommen 2019",Stadt Zürich,Anteil,"Dienstabteilung Verkehr, Sicherheitsdepartement",täglich,ja,https://github.com/statistikZH/covid19monitoring_mobility_ZaehlstellenMIVLVVelo
2020-03-11,100.81498151645494,Mobilität,aufkommen_miv_indexiert,"Aufkommen MIV an ausgewählten Zählstellen, relativ zu mittlerem Aufkommen 2019",Stadt Zürich,Anteil,"Dienstabteilung Verkehr, Sicherheitsdepartement",täglich,ja,https://github.com/statistikZH/covid19monitoring_mobility_ZaehlstellenMIVLVVelo
2020-03-12,99.35238261631599,Mobilität,aufkommen_miv_indexiert,"Aufkommen MIV an ausgewählten Zählstellen, relativ zu mittlerem Aufkommen 2019",Stadt Zürich,Anteil,"Dienstabteilung Verkehr, Sicherheitsdepartement",täglich,ja,https://github.com/statistikZH/covid19monitoring_mobility_ZaehlstellenMIVLVVelo
2020-03-13,103.06496834363585,Mobilität,aufkommen_miv_indexiert,"Aufkommen MIV an ausgewählten Zählstellen, relativ zu mittlerem Aufkommen 2019",Stadt Zürich,Anteil,"Dienstabteilung Verkehr, Sicherheitsdepartement",täglich,ja,https://github.com/statistikZH/covid19monitoring_mobility_ZaehlstellenMIVLVVelo
2020-03-14,95.41675296879315,Mobilität,aufkommen_miv_indexiert,"Aufkommen MIV an ausgewählten Zählstellen, relativ zu mittlerem Aufkommen 2019",Stadt Zürich,Anteil,"Dienstabteilung Verkehr, Sicherheitsdepartement",täglich,ja,https://github.com/statistikZH/covid19monitoring_mobility_ZaehlstellenMIVLVVelo
2020-03-15,73.33825255454295,Mobilität,aufkommen_miv_indexiert,"Aufkommen MIV an ausgewählten Zählstellen, relativ zu mittlerem Aufkommen 2019",Stadt Zürich,Anteil,"Dienstabteilung Verkehr, Sicherheitsdepartement",täglich,ja,https://github.com/statistikZH/covid19monitoring_mobility_ZaehlstellenMIVLVVelo
2020-03-16,94.50381457107915,Mobilität,aufkommen_miv_indexiert,"Aufkommen MIV an ausgewählten Zählstellen, relativ zu mittlerem Aufkommen 2019",Stadt Zürich,Anteil,"Dienstabteilung Verkehr, Sicherheitsdepartement",täglich,ja,https://github.com/statistikZH/covid19monitoring_mobility_ZaehlstellenMIVLVVelo
2020-03-17,80.97560671231395,Mobilität,aufkommen_miv_indexiert,"Aufkommen MIV an ausgewählten Zählstellen, relativ zu mittlerem Aufkommen 2019",Stadt Zürich,Anteil,"Dienstabteilung Verkehr, Sicherheitsdepartement",täglich,ja,https://github.com/statistikZH/covid19monitoring_mobility_ZaehlstellenMIVLVVelo
2020-03-18,76.35049127682055,Mobilität,aufkommen_miv_indexiert,"Aufkommen MIV an ausgewählten Zählstellen, relativ zu mittlerem Aufkommen 2019",Stadt Zürich,Anteil,"Dienstabteilung Verkehr, Sicherheitsdepartement",täglich,ja,https://github.com/statistikZH/covid19monitoring_mobility_ZaehlstellenMIVLVVelo
2020-03-19,70.20467787604238,Mobilität,aufkommen_miv_indexiert,"Aufkommen MIV an ausgewählten Zählstellen, relativ zu mittlerem Aufkommen 2019",Stadt Zürich,Anteil,"Dienstabteilung Verkehr, Sicherheitsdepartement",täglich,ja,https://github.com/statistikZH/covid19monitoring_mobility_ZaehlstellenMIVLVVelo
2020-03-20,75.70848967389647,Mobilität,aufkommen_miv_indexiert,"Aufkommen MIV an ausgewählten Zählstellen, relativ zu mittlerem Aufkommen 2019",Stadt Zürich,Anteil,"Dienstabteilung Verkehr, Sicherheitsdepartement",täglich,ja,https://github.com/statistikZH/covid19monitoring_mobility_ZaehlstellenMIVLVVelo
2020-03-21,54.23156586578294,Mobilität,aufkommen_miv_indexiert,"Aufkommen MIV an ausgewählten Zählstellen, relativ zu mittlerem Aufkommen 2019",Stadt Zürich,Anteil,"Dienstabteilung Verkehr, Sicherheitsdepartement",täglich,ja,https://github.com/statistikZH/covid19monitoring_mobility_ZaehlstellenMIVLVVelo
2020-03-22,39.95598591549296,Mobilität,aufkommen_miv_indexiert,"Aufkommen MIV an ausgewählten Zählstellen, relativ zu mittlerem Aufkommen 2019",Stadt Zürich,Anteil,"Dienstabteilung Verkehr, Sicherheitsdepartement",täglich,ja,https://github.com/statistikZH/covid19monitoring_mobility_ZaehlstellenMIVLVVelo
2020-03-23,68.1062477987526,Mobilität,aufkommen_miv_indexiert,"Aufkommen MIV an ausgewählten Zählstellen, relativ zu mittlerem Aufkommen 2019",Stadt Zürich,Anteil,"Dienstabteilung Verkehr, Sicherheitsdepartement",täglich,ja,https://github.com/statistikZH/covid19monitoring_mobility_ZaehlstellenMIVLVVelo
2020-03-24,68.00682768011403,Mobilität,aufkommen_miv_indexiert,"Aufkommen MIV an ausgewählten Zählstellen, relativ zu mittlerem Aufkommen 2019",Stadt Zürich,Anteil,"Dienstabteilung Verkehr, Sicherheitsdepartement",täglich,ja,https://github.com/statistikZH/covid19monitoring_mobility_ZaehlstellenMIVLVVelo
2020-03-25,69.40903960442718,Mobilität,aufkommen_miv_indexiert,"Aufkommen MIV an ausgewählten Zählstellen, relativ zu mittlerem Aufkommen 2019",Stadt Zürich,Anteil,"Dienstabteilung Verkehr, Sicherheitsdepartement",täglich,ja,https://github.com/statistikZH/covid19monitoring_mobility_ZaehlstellenMIVLVVelo
2020-03-26,68.77438704792965,Mobilität,aufkommen_miv_indexiert,"Aufkommen MIV an ausgewählten Zählstellen, relativ zu mittlerem Aufkommen 2019",Stadt Zürich,Anteil,"Dienstabteilung Verkehr, Sicherheitsdepartement",täglich,ja,https://github.com/statistikZH/covid19monitoring_mobility_ZaehlstellenMIVLVVelo
2020-03-27,72.68706096380664,Mobilität,aufkommen_miv_indexiert,"Aufkommen MIV an ausgewählten Zählstellen, relativ zu mittlerem Aufkommen 2019",Stadt Zürich,Anteil,"Dienstabteilung Verkehr, Sicherheitsdepartement",täglich,ja,https://github.com/statistikZH/covid19monitoring_mobility_ZaehlstellenMIVLVVelo
2020-03-28,62.82035349351008,Mobilität,aufkommen_miv_indexiert,"Aufkommen MIV an ausgewählten Zählstellen, relativ zu mittlerem Aufkommen 2019",Stadt Zürich,Anteil,"Dienstabteilung Verkehr, Sicherheitsdepartement",täglich,ja,https://github.com/statistikZH/covid19monitoring_mobility_ZaehlstellenMIVLVVelo
2020-03-29,39.335128417564206,Mobilität,aufkommen_miv_indexiert,"Aufkommen MIV an ausgewählten Zählstellen, relativ zu mittlerem Aufkommen 2019",Stadt Zürich,Anteil,"Dienstabteilung Verkehr, Sicherheitsdepartement",täglich,ja,https://github.com/statistikZH/covid19monitoring_mobility_ZaehlstellenMIVLVVelo
2020-03-30,68.05965761763328,Mobilität,aufkommen_miv_indexiert,"Aufkommen MIV an ausgewählten Zählstellen, relativ zu mittlerem Aufkommen 2019",Stadt Zürich,Anteil,"Dienstabteilung Verkehr, Sicherheitsdepartement",täglich,ja,https://github.com/statistikZH/covid19monitoring_mobility_ZaehlstellenMIVLVVelo
2020-03-31,71.31923703031967,Mobilität,aufkommen_miv_indexiert,"Aufkommen MIV an ausgewählten Zählstellen, relativ zu mittlerem Aufkommen 2019",Stadt Zürich,Anteil,"Dienstabteilung Verkehr, Sicherheitsdepartement",täglich,ja,https://github.com/statistikZH/covid19monitoring_mobility_ZaehlstellenMIVLVVelo
2020-04-01,72.27634633143923,Mobilität,aufkommen_miv_indexiert,"Aufkommen MIV an ausgewählten Zählstellen, relativ zu mittlerem Aufkommen 2019",Stadt Zürich,Anteil,"Dienstabteilung Verkehr, Sicherheitsdepartement",täglich,ja,https://github.com/statistikZH/covid19monitoring_mobility_ZaehlstellenMIVLVVelo
2020-04-02,71.05661261651012,Mobilität,aufkommen_miv_indexiert,"Aufkommen MIV an ausgewählten Zählstellen, relativ zu mittlerem Aufkommen 2019",Stadt Zürich,Anteil,"Dienstabteilung Verkehr, Sicherheitsdepartement",täglich,ja,https://github.com/statistikZH/covid19monitoring_mobility_ZaehlstellenMIVLVVelo
2020-04-03,74.49894756108722,Mobilität,aufkommen_miv_indexiert,"Aufkommen MIV an ausgewählten Zählstellen, relativ zu mittlerem Aufkommen 2019",Stadt Zürich,Anteil,"Dienstabteilung Verkehr, Sicherheitsdepartement",täglich,ja,https://github.com/statistikZH/covid19monitoring_mobility_ZaehlstellenMIVLVVelo
2020-04-04,62.55730461198564,Mobilität,aufkommen_miv_indexiert,"Aufkommen MIV an ausgewählten Zählstellen, relativ zu mittlerem Aufkommen 2019",Stadt Zürich,Anteil,"Dienstabteilung Verkehr, Sicherheitsdepartement",täglich,ja,https://github.com/statistikZH/covid19monitoring_mobility_ZaehlstellenMIVLVVelo
2020-04-05,48.43551505109086,Mobilität,aufkommen_miv_indexiert,"Aufkommen MIV an ausgewählten Zählstellen, relativ zu mittlerem Aufkommen 2019",Stadt Zürich,Anteil,"Dienstabteilung Verkehr, Sicherheitsdepartement",täglich,ja,https://github.com/statistikZH/covid19monitoring_mobility_ZaehlstellenMIVLVVelo
2020-04-06,69.97512417115236,Mobilität,aufkommen_miv_indexiert,"Aufkommen MIV an ausgewählten Zählstellen, relativ zu mittlerem Aufkommen 2019",Stadt Zürich,Anteil,"Dienstabteilung Verkehr, Sicherheitsdepartement",täglich,ja,https://github.com/statistikZH/covid19monitoring_mobility_ZaehlstellenMIVLVVelo
2020-04-07,73.41829108324944,Mobilität,aufkommen_miv_indexiert,"Aufkommen MIV an ausgewählten Zählstellen, relativ zu mittlerem Aufkommen 2019",Stadt Zürich,Anteil,"Dienstabteilung Verkehr, Sicherheitsdepartement",täglich,ja,https://github.com/statistikZH/covid19monitoring_mobility_ZaehlstellenMIVLVVelo
2020-04-08,76.14485663813018,Mobilität,aufkommen_miv_indexiert,"Aufkommen MIV an ausgewählten Zählstellen, relativ zu mittlerem Aufkommen 2019",Stadt Zürich,Anteil,"Dienstabteilung Verkehr, Sicherheitsdepartement",täglich,ja,https://github.com/statistikZH/covid19monitoring_mobility_ZaehlstellenMIVLVVelo
2020-04-09,79.1020851879276,Mobilität,aufkommen_miv_indexiert,"Aufkommen MIV an ausgewählten Zählstellen, relativ zu mittlerem Aufkommen 2019",Stadt Zürich,Anteil,"Dienstabteilung Verkehr, Sicherheitsdepartement",täglich,ja,https://github.com/statistikZH/covid19monitoring_mobility_ZaehlstellenMIVLVVelo
2020-04-10,41.1851654644736,Mobilität,aufkommen_miv_indexiert,"Aufkommen MIV an ausgewählten Zählstellen, relativ zu mittlerem Aufkommen 2019",Stadt Zürich,Anteil,"Dienstabteilung Verkehr, Sicherheitsdepartement",täglich,ja,https://github.com/statistikZH/covid19monitoring_mobility_ZaehlstellenMIVLVVelo
2020-04-11,67.6134009942005,Mobilität,aufkommen_miv_indexiert,"Aufkommen MIV an ausgewählten Zählstellen, relativ zu mittlerem Aufkommen 2019",Stadt Zürich,Anteil,"Dienstabteilung Verkehr, Sicherheitsdepartement",täglich,ja,https://github.com/statistikZH/covid19monitoring_mobility_ZaehlstellenMIVLVVelo
2020-04-12,50.41580364540182,Mobilität,aufkommen_miv_indexiert,"Aufkommen MIV an ausgewählten Zählstellen, relativ zu mittlerem Aufkommen 2019",Stadt Zürich,Anteil,"Dienstabteilung Verkehr, Sicherheitsdepartement",täglich,ja,https://github.com/statistikZH/covid19monitoring_mobility_ZaehlstellenMIVLVVelo
2020-04-13,39.95981596878458,Mobilität,aufkommen_miv_indexiert,"Aufkommen MIV an ausgewählten Zählstellen, relativ zu mittlerem Aufkommen 2019",Stadt Zürich,Anteil,"Dienstabteilung Verkehr, Sicherheitsdepartement",täglich,ja,https://github.com/statistikZH/covid19monitoring_mobility_ZaehlstellenMIVLVVelo
